"scenario","build","ref","link_profile","rtt_p50_ms","control_single_mib_per_s","connections","concurrency","request_concurrency","request_concurrency_used","repeats","files","bytes","median_ms","min_ms","max_ms","mad_ms","mib_per_s","files_per_s","upload_phase_ms","net_write_bytes","user_cpu_ms","sys_cpu_ms","cpu_percent","max_rss_bytes","go_gc_count","go_peak_goroutines","connections_opened","connections_used","connections_refused","reconnects","retries","errors","failed_runs"
"bulk","candidate","v3.7.0 (1d80caa)","baseline",13.11,0.38,1,1,,16,2,2000,8192000,247375,247375,261300,0,0.03,8.08,246161.17,9605940,2207.95,3060.91,2.03,12005376,26,15,1,1,0,0,0,0,0
"bulk","candidate","v3.7.0 (1d80caa)","baseline",13.11,0.38,1,2,,16,2,2000,8192000,154544,154544,155488,0,0.05,12.94,153654.6,9605784,1745.65,2517.82,2.74,12394496,27,16,1,1,0,0,0,0,0
"bulk","candidate","v3.7.0 (1d80caa)","baseline",13.11,0.38,1,4,,16,2,2000,8192000,77234,77234,79850,0,0.1,25.9,76567.74,9605628,1368.19,1916.22,4.25,12345344,28,18,1,1,0,0,0,0,0
"bulk","candidate","v3.7.0 (1d80caa)","baseline",13.11,0.38,1,8,,16,2,2000,8192000,45580,45580,50062,0,0.17,43.88,44998.75,9605576,1162.3,1358.58,5.18,12095488,29,22,1,1,0,0,0,0,0
"bulk","candidate","v3.7.0 (1d80caa)","baseline",13.11,0.38,1,16,,16,2,2000,8192000,39510,39510,42077,0,0.2,50.62,38922.12,9605576,1124.6,1132.55,5.42,12746752,29,30,1,1,0,0,0,0,0
"bulk","candidate","v3.7.0 (1d80caa)","baseline",13.11,0.38,1,32,,16,2,2000,8192000,35786,35786,43226,0,0.22,55.89,35231.92,9605576,1002.87,1154.63,5.32,12795904,32,46,1,1,0,0,0,0,0
"bulk","candidate","v3.7.0 (1d80caa)","baseline",13.11,0.38,1,64,,16,2,2000,8192000,40685,40685,45862,0,0.19,49.16,40148.1,9605576,1053.5,1122.44,4.74,13131776,32,78,1,1,0,0,0,0,0
"bulk","candidate","v3.7.0 (1d80caa)","baseline",13.11,0.38,2,1,,16,2,2000,8192000,254194,254194,275540,0,0.03,7.87,252917.88,9605940,2187.22,3045.01,1.99,12038144,26,15,1,1,0,0,0,0,0
"bulk","candidate","v3.7.0 (1d80caa)","baseline",13.11,0.38,2,2,,16,2,2000,8192000,127613,127613,130155,0,0.06,15.67,126696.36,9607600,1723.89,2554.82,3.36,12496896,28,25,2,2,0,0,0,0,0
"bulk","candidate","v3.7.0 (1d80caa)","baseline",13.11,0.38,2,4,,16,2,2000,8192000,80015,80015,82152,0,0.1,25,79287.92,9607392,1573.91,2199,4.59,12533760,29,27,2,2,0,0,0,0,0
"bulk","candidate","v3.7.0 (1d80caa)","baseline",13.11,0.38,2,8,,16,2,2000,8192000,43920,43920,44629,0,0.18,45.54,43304.29,9607288,1227.89,1620.28,6.48,12726272,29,31,2,2,0,0,0,0,0
"bulk","candidate","v3.7.0 (1d80caa)","baseline",13.11,0.38,2,16,,16,2,2000,8192000,26195,26195,27676,0,0.3,76.35,25622.19,9607184,1062.69,1324.84,9.11,12623872,30,39,2,2,0,0,0,0,0
"bulk","candidate","v3.7.0 (1d80caa)","baseline",13.11,0.38,2,32,,16,2,2000,8192000,25533,25533,26452,0,0.31,78.33,24980.98,9607184,1007.35,1150.71,8.45,12795904,31,55,2,2,0,0,0,0,0
"bulk","candidate","v3.7.0 (1d80caa)","baseline",13.11,0.38,2,64,,16,2,2000,8192000,23655,23655,23743,0,0.33,84.55,23057.24,9607184,1029.4,1091.29,9.01,13168640,35,87,2,2,0,0,0,0,0
"bulk","candidate","v3.7.0 (1d80caa)","baseline",13.11,0.38,4,1,,16,2,2000,8192000,249828,249828,251075,0,0.03,8.01,248580.38,9605940,2271.32,3022.75,2.12,12136448,26,15,1,1,0,0,0,0,0
"bulk","candidate","v3.7.0 (1d80caa)","baseline",13.11,0.38,4,2,,16,2,2000,8192000,128296,128296,130270,0,0.06,15.59,127409.95,9607600,1842,2636.95,3.44,11948032,28,26,2,2,0,0,0,0,0
"bulk","candidate","v3.7.0 (1d80caa)","baseline",13.11,0.38,4,4,,16,2,2000,8192000,69465,69465,69731,0,0.11,28.79,68497.68,9610848,1511.68,2416.25,5.76,12734464,30,45,4,4,0,0,0,0,0
"bulk","candidate","v3.7.0 (1d80caa)","baseline",13.11,0.38,4,8,,16,2,2000,8192000,42678,42678,42952,0,0.18,46.86,42022.74,9610640,1355.7,1949.25,7.74,13119488,31,49,4,4,0,0,0,0,0
"bulk","candidate","v3.7.0 (1d80caa)","baseline",13.11,0.38,4,16,,16,2,2000,8192000,25223,25223,26364,0,0.31,79.29,24347.22,9610432,1124.71,1560.47,10.25,12918784,33,57,4,4,0,0,0,0,0
"bulk","candidate","v3.7.0 (1d80caa)","baseline",13.11,0.38,4,32,,16,2,2000,8192000,19113,19113,19915,0,0.41,104.64,18480.61,9610432,1076,1347.65,12.17,13058048,34,73,4,4,0,0,0,0,0
"bulk","candidate","v3.7.0 (1d80caa)","baseline",13.11,0.38,4,64,,16,2,2000,8192000,18273,18273,18507,0,0.43,109.45,17680.03,9610432,1045.47,1214.29,12.21,13475840,38,105,4,4,0,0,0,0,0
"bulk","candidate","v3.7.0 (1d80caa)","baseline",13.11,0.38,8,1,,16,2,2000,8192000,251912,251912,263985,0,0.03,7.94,250553.53,9605940,2247.93,2994.35,2.02,11829248,26,15,1,1,0,0,0,0,0
"bulk","candidate","v3.7.0 (1d80caa)","baseline",13.11,0.38,8,2,,16,2,2000,8192000,129901,129901,130899,0,0.06,15.4,129046.05,9607600,1726.3,2627.15,3.36,12701696,28,25,2,2,0,0,0,0,0
"bulk","candidate","v3.7.0 (1d80caa)","baseline",13.11,0.38,8,4,,16,2,2000,8192000,66858,66858,68875,0,0.12,29.91,66152.56,9610848,1493.06,2301.54,5.51,12640256,30,45,4,4,0,0,0,0,0
"bulk","candidate","v3.7.0 (1d80caa)","baseline",13.11,0.38,8,8,,16,2,2000,8192000,38769,38769,38856,0,0.2,51.59,38087.23,9617488,1343.1,2163.69,9.04,13074432,35,85,8,8,0,0,0,0,0
"bulk","candidate","v3.7.0 (1d80caa)","baseline",13.11,0.38,8,16,,16,2,2000,8192000,25086,25086,25369,0,0.31,79.73,24425.45,9617072,1218.83,1903.85,12.51,13115392,37,93,8,8,0,0,0,0,0
"bulk","candidate","v3.7.0 (1d80caa)","baseline",13.11,0.38,8,32,,16,2,2000,8192000,18061,18061,18446,0,0.43,110.74,17438.57,9617072,1095.06,1522.59,14.42,13295616,39,109,8,8,0,0,0,0,0
"bulk","candidate","v3.7.0 (1d80caa)","baseline",13.11,0.38,8,64,,16,2,2000,8192000,17231,17231,17474,0,0.45,116.07,16568.81,9617072,1097.56,1325.34,13.86,14000128,44,141,8,8,0,0,0,0,0
"calib-100x64k","candidate","v3.7.0 (1d80caa)","baseline",13.11,0.38,1,1,,16,2,100,6553600,25031,25031,25983,0,0.25,4,23790.66,6645228,194.72,258.96,1.75,9912320,1,15,1,1,0,0,0,0,0
"calib-100x64k","candidate","v3.7.0 (1d80caa)","baseline",13.11,0.38,1,2,,16,2,100,6553600,18554,18554,18996,0,0.34,5.39,17684.46,6645228,147.55,215.65,1.96,10043392,1,16,1,1,0,0,0,0,0
"calib-100x64k","candidate","v3.7.0 (1d80caa)","baseline",13.11,0.38,1,4,,16,2,100,6553600,17510,17510,17602,0,0.36,5.71,16809.61,6645228,158.16,168.12,1.85,10104832,1,18,1,1,0,0,0,0,0
"calib-100x64k","candidate","v3.7.0 (1d80caa)","baseline",13.11,0.38,1,8,,16,2,100,6553600,14619,14619,17046,0,0.43,6.84,14038.94,6645228,149.18,150.68,1.96,10432512,1,22,1,1,0,0,0,0,0
"calib-100x64k","candidate","v3.7.0 (1d80caa)","baseline",13.11,0.38,1,16,,16,2,100,6553600,15791,15791,16100,0,0.4,6.33,15261.56,6645228,152.52,167.5,1.99,10436608,1,30,1,1,0,0,0,0,0
"calib-100x64k","candidate","v3.7.0 (1d80caa)","baseline",13.11,0.38,1,32,,16,2,100,6553600,15157,15157,17038,0,0.41,6.6,14628.73,6645228,118.52,146.35,1.7,11223040,1,46,1,1,0,0,0,0,0
"calib-100x64k","candidate","v3.7.0 (1d80caa)","baseline",13.11,0.38,1,64,,16,2,100,6553600,14439,14439,14935,0,0.43,6.93,13844.38,6645228,143.16,148.32,2.08,12009472,2,78,1,1,0,0,0,0,0
"calib-100x64k","candidate","v3.7.0 (1d80caa)","baseline",13.11,0.38,2,1,,16,2,100,6553600,24755,24755,25705,0,0.25,4.04,23433.03,6645228,163.09,252.96,1.71,10104832,1,15,1,1,0,0,0,0,0
"calib-100x64k","candidate","v3.7.0 (1d80caa)","baseline",13.11,0.38,2,2,,16,2,100,6553600,14762,14762,15263,0,0.42,6.77,13948.77,6646888,174.59,191.13,2.5,10366976,1,25,2,2,0,0,0,0,0
"calib-100x64k","candidate","v3.7.0 (1d80caa)","baseline",13.11,0.38,2,4,,16,2,100,6553600,12317,12317,12729,0,0.51,8.12,11678.12,6646888,149.75,180.38,2.73,10043392,1,27,2,2,0,0,0,0,0
"calib-100x64k","candidate","v3.7.0 (1d80caa)","baseline",13.11,0.38,2,8,,16,2,100,6553600,9865,9865,10959,0,0.63,10.14,9279.92,6646888,137.01,137.8,2.55,10366976,1,31,2,2,0,0,0,0,0
"calib-100x64k","candidate","v3.7.0 (1d80caa)","baseline",13.11,0.38,2,16,,16,2,100,6553600,10588,10588,11389,0,0.59,9.44,10081.68,6646888,117.55,162.94,2.46,10629120,1,39,2,2,0,0,0,0,0
"calib-100x64k","candidate","v3.7.0 (1d80caa)","baseline",13.11,0.38,2,32,,16,2,100,6553600,10067,10067,10116,0,0.62,9.93,9525.8,6646888,113.95,161.25,2.87,11546624,1,55,2,2,0,0,0,0,0
"calib-100x64k","candidate","v3.7.0 (1d80caa)","baseline",13.11,0.38,2,64,,16,2,100,6553600,9170,9170,10847,0,0.68,10.91,8650.41,6646888,151.6,139.48,3.1,12201984,2,87,2,2,0,0,0,0,0
"calib-100x64k","candidate","v3.7.0 (1d80caa)","baseline",13.11,0.38,4,1,,16,2,100,6553600,24855,24855,25326,0,0.25,4.02,23655.11,6645228,180.51,258.26,1.77,9781248,1,15,1,1,0,0,0,0,0
"calib-100x64k","candidate","v3.7.0 (1d80caa)","baseline",13.11,0.38,4,2,,16,2,100,6553600,14609,14609,14854,0,0.43,6.85,13736.91,6646888,165.69,209.05,2.58,9912320,1,25,2,2,0,0,0,0,0
"calib-100x64k","candidate","v3.7.0 (1d80caa)","baseline",13.11,0.38,4,4,,16,2,100,6553600,9782,9782,10392,0,0.64,10.22,9069.94,6650208,152.67,206.34,3.45,10698752,1,45,4,4,0,0,0,0,0
"calib-100x64k","candidate","v3.7.0 (1d80caa)","baseline",13.11,0.38,4,8,,16,2,100,6553600,8393,8393,8831,0,0.74,11.91,7701.6,6650208,133.85,174.64,3.49,11485184,2,49,4,4,0,0,0,0,0
"calib-100x64k","candidate","v3.7.0 (1d80caa)","baseline",13.11,0.38,4,16,,16,2,100,6553600,7315,7315,7420,0,0.85,13.67,6788.75,6650208,153.59,173.63,4.47,10891264,1,57,4,4,0,0,0,0,0
"calib-100x64k","candidate","v3.7.0 (1d80caa)","baseline",13.11,0.38,4,32,,16,2,100,6553600,6953,6953,7466,0,0.9,14.38,6383.57,6650208,146.06,165.22,4.47,11808768,2,73,4,4,0,0,0,0,0
"calib-100x64k","candidate","v3.7.0 (1d80caa)","baseline",13.11,0.38,4,64,,16,2,100,6553600,7702,7702,7915,0,0.81,12.98,7181.79,6650208,139.72,140.69,3.74,12140544,2,105,4,4,0,0,0,0,0
"calib-100x64k","candidate","v3.7.0 (1d80caa)","baseline",13.11,0.38,8,1,,16,2,100,6553600,23724,23724,24886,0,0.26,4.22,22493.39,6645228,163.39,270.72,1.88,10174464,1,15,1,1,0,0,0,0,0
"calib-100x64k","candidate","v3.7.0 (1d80caa)","baseline",13.11,0.38,8,2,,16,2,100,6553600,14974,14974,15123,0,0.42,6.68,14180.92,6646888,152.74,199.65,2.38,10366976,1,25,2,2,0,0,0,0,0
"calib-100x64k","candidate","v3.7.0 (1d80caa)","baseline",13.11,0.38,8,4,,16,2,100,6553600,10132,10132,10166,0,0.62,9.87,9214.28,6650208,153.31,201.32,3.59,10698752,1,45,4,4,0,0,0,0,0
"calib-100x64k","candidate","v3.7.0 (1d80caa)","baseline",13.11,0.38,8,8,,16,2,100,6553600,8778,8778,9112,0,0.71,11.39,8085.8,6656848,165.83,207.26,4.17,11415552,2,85,8,8,0,0,0,0,0
"calib-100x64k","candidate","v3.7.0 (1d80caa)","baseline",13.11,0.38,8,16,,16,2,100,6553600,7726,7726,7862,0,0.81,12.94,7119.66,6656848,148.3,172.63,4.08,11616256,2,93,8,8,0,0,0,0,0
"calib-100x64k","candidate","v3.7.0 (1d80caa)","baseline",13.11,0.38,8,32,,16,2,100,6553600,6911,6911,7843,0,0.9,14.47,6301.42,6656848,160.37,192.21,4.73,11747328,2,109,8,8,0,0,0,0,0
"calib-100x64k","candidate","v3.7.0 (1d80caa)","baseline",13.11,0.38,8,64,,16,2,100,6553600,7589,7589,7749,0,0.82,13.18,6962.51,6656848,162.52,182.37,4.65,13250560,2,141,8,8,0,0,0,0,0
"deep","candidate","v3.7.0 (1d80caa)","baseline",13.11,0.38,1,1,,16,2,400,1638400,66857,66857,69123,0,0.02,5.98,50497.54,2047160,581.35,871.1,2.15,11153408,5,15,1,1,0,0,0,0,0
"deep","candidate","v3.7.0 (1d80caa)","baseline",13.11,0.38,1,2,,16,2,400,1638400,37628,37628,41854,0,0.04,10.63,27449.23,2076944,527.66,751.29,3.19,11878400,5,16,1,1,0,0,0,0,0
"deep","candidate","v3.7.0 (1d80caa)","baseline",13.11,0.38,1,4,,16,2,400,1638400,20379,20379,23387,0,0.08,19.63,13856.4,2105896,413.2,615.08,4.79,11485184,5,18,1,1,0,0,0,0,0
"deep","candidate","v3.7.0 (1d80caa)","baseline",13.11,0.38,1,8,,16,2,400,1638400,13437,13437,14477,0,0.12,29.77,9430.37,2133836,352.75,577.34,6.92,11616256,5,22,1,1,0,0,0,0,0
"deep","candidate","v3.7.0 (1d80caa)","baseline",13.11,0.38,1,16,,16,2,400,1638400,11591,11591,11697,0,0.13,34.51,7774.47,2155244,340.54,368.8,6.2,12111872,5,30,1,1,0,0,0,0,0
"deep","candidate","v3.7.0 (1d80caa)","baseline",13.11,0.38,1,32,,16,2,400,1638400,10143,10143,10987,0,0.15,39.44,6978.74,2184940,309.47,370.11,6.32,12201984,6,46,1,1,0,0,0,0,0
"deep","candidate","v3.7.0 (1d80caa)","baseline",13.11,0.38,1,64,,16,2,400,1638400,8393,8393,10270,0,0.19,47.66,6393.1,2223712,294.88,315.57,6.49,12726272,7,78,1,1,0,0,0,0,0
"deep","candidate","v3.7.0 (1d80caa)","baseline",13.11,0.38,2,1,,16,2,400,1638400,67111,67111,70521,0,0.02,5.96,50474.83,2047160,658.94,871.81,2.18,11808768,5,15,1,1,0,0,0,0,0
"deep","candidate","v3.7.0 (1d80caa)","baseline",13.11,0.38,2,2,,16,2,400,1638400,36811,36811,38481,0,0.04,10.87,26673.72,2078540,513.69,847.05,3.7,11939840,5,25,2,2,0,0,0,0,0
"deep","candidate","v3.7.0 (1d80caa)","baseline",13.11,0.38,2,4,,16,2,400,1638400,23070,23070,23404,0,0.07,17.34,16705.66,2106276,452.44,720.24,5.08,11616256,5,27,2,2,0,0,0,0,0
"deep","candidate","v3.7.0 (1d80caa)","baseline",13.11,0.38,2,8,,16,2,400,1638400,13205,13205,13446,0,0.12,30.29,8963.04,2132288,336.59,625.12,7.36,11878400,6,31,2,2,0,0,0,0,0
"deep","candidate","v3.7.0 (1d80caa)","baseline",13.11,0.38,2,16,,16,2,400,1638400,8873,8873,9150,0,0.18,45.08,5471.97,2161376,353.36,465.14,9.06,12210176,6,39,2,2,0,0,0,0,0
"deep","candidate","v3.7.0 (1d80caa)","baseline",13.11,0.38,2,32,,16,2,400,1638400,7790,7790,8717,0,0.2,51.35,5179.17,2185148,299.72,389.38,8.84,12349440,6,55,2,2,0,0,0,0,0
"deep","candidate","v3.7.0 (1d80caa)","baseline",13.11,0.38,2,64,,16,2,400,1638400,7340,7340,8013,0,0.21,54.5,5163.92,2224472,319.51,331.85,8.73,13189120,7,87,2,2,0,0,0,0,0
"deep","candidate","v3.7.0 (1d80caa)","baseline",13.11,0.38,4,1,,16,2,400,1638400,66969,66969,71137,0,0.02,5.97,50603.25,2047160,562.37,929.85,2.14,11485184,5,15,1,1,0,0,0,0,0
"deep","candidate","v3.7.0 (1d80caa)","baseline",13.11,0.38,4,2,,16,2,400,1638400,37148,37148,37398,0,0.04,10.77,26862.93,2079504,514.2,855.85,3.68,12005376,5,25,2,2,0,0,0,0,0
"deep","candidate","v3.7.0 (1d80caa)","baseline",13.11,0.38,4,4,,16,2,400,1638400,21269,21269,21550,0,0.07,18.81,14816.45,2109956,466.89,758.55,5.76,11984896,6,45,4,4,0,0,0,0,0
"deep","candidate","v3.7.0 (1d80caa)","baseline",13.11,0.38,4,8,,16,2,400,1638400,13696,13696,14091,0,0.11,29.21,9451.64,2136916,399.13,642.27,7.6,12386304,6,49,4,4,0,0,0,0,0
"deep","candidate","v3.7.0 (1d80caa)","baseline",13.11,0.38,4,16,,16,2,400,1638400,8914,8914,8983,0,0.18,44.87,5766.39,2160840,345.68,525.83,9.77,12140544,6,57,4,4,0,0,0,0,0
"deep","candidate","v3.7.0 (1d80caa)","baseline",13.11,0.38,4,32,,16,2,400,1638400,7400,7400,7973,0,0.21,54.05,4975.51,2189464,326.94,416.11,9.32,12300288,7,73,4,4,0,0,0,0,0
"deep","candidate","v3.7.0 (1d80caa)","baseline",13.11,0.38,4,64,,16,2,400,1638400,6247,6247,6590,0,0.25,64.03,4394.89,2228692,329.97,395.73,11.61,13189120,8,105,4,4,0,0,0,0,0
"deep","candidate","v3.7.0 (1d80caa)","baseline",13.11,0.38,8,1,,16,2,400,1638400,67207,67207,69710,0,0.02,5.95,50652.12,2047160,632.53,890.56,2.22,11608064,5,15,1,1,0,0,0,0,0
"deep","candidate","v3.7.0 (1d80caa)","baseline",13.11,0.38,8,2,,16,2,400,1638400,37114,37114,37262,0,0.04,10.78,26412.82,2078588,518.66,795.89,3.57,11616256,5,25,2,2,0,0,0,0,0
"deep","candidate","v3.7.0 (1d80caa)","baseline",13.11,0.38,8,4,,16,2,400,1638400,20441,20441,21215,0,0.08,19.57,14177.74,2109892,442.18,746.38,5.6,12075008,6,45,4,4,0,0,0,0,0
"deep","candidate","v3.7.0 (1d80caa)","baseline",13.11,0.38,8,8,,16,2,400,1638400,14351,14351,14494,0,0.11,27.87,9840.04,2143144,430.9,727.74,7.99,12533760,7,85,8,8,0,0,0,0,0
"deep","candidate","v3.7.0 (1d80caa)","baseline",13.11,0.38,8,16,,16,2,400,1638400,10802,10802,11233,0,0.14,37.03,6728.84,2170324,380.97,565.2,8.57,12533760,7,93,8,8,0,0,0,0,0
"deep","candidate","v3.7.0 (1d80caa)","baseline",13.11,0.38,8,32,,16,2,400,1638400,8253,8253,8858,0,0.19,48.47,5682.44,2197368,330.66,428.62,9.12,13119488,8,109,8,8,0,0,0,0,0
"deep","candidate","v3.7.0 (1d80caa)","baseline",13.11,0.38,8,64,,16,2,400,1638400,7548,7548,8578,0,0.21,52.99,5670.1,2235332,327.22,409.03,9.04,13287424,8,141,8,8,0,0,0,0,0
"large","candidate","v3.7.0 (1d80caa)","baseline",13.11,0.38,1,1,1,1,2,2,33554432,86371,86371,89544,0,0.37,0.02,85688.28,33665220,479.32,658.15,1.3,9482240,0,15,1,1,0,0,0,0,0
"large","candidate","v3.7.0 (1d80caa)","baseline",13.11,0.38,1,1,16,16,2,2,33554432,85843,85843,87956,0,0.37,0.02,85211.53,33665220,477.56,687.04,1.35,9482240,0,15,1,1,0,0,0,0,0
"large","candidate","v3.7.0 (1d80caa)","baseline",13.11,0.38,1,1,64,64,2,2,33554432,87750,87750,89838,0,0.36,0.02,87117.24,33665220,472.81,672.63,1.33,9482240,0,15,1,1,0,0,0,0,0
"large","candidate","v3.7.0 (1d80caa)","baseline",13.11,0.38,1,2,1,1,2,2,33554432,72407,72407,85273,0,0.44,0.03,71880.88,33665220,415.44,455.19,1.16,9482240,0,16,1,1,0,0,0,0,0
"large","candidate","v3.7.0 (1d80caa)","baseline",13.11,0.38,1,2,16,16,2,2,33554432,75745,75745,77409,0,0.42,0.03,75116.5,33665220,469.46,458.36,1.21,9482240,0,16,1,1,0,0,0,0,0
"large","candidate","v3.7.0 (1d80caa)","baseline",13.11,0.38,1,2,64,64,2,2,33554432,77502,77502,85038,0,0.41,0.03,76984.06,33665220,475.1,472.08,1.14,9482240,0,16,1,1,0,0,0,0,0
"large","candidate","v3.7.0 (1d80caa)","baseline",13.11,0.38,2,1,1,1,2,2,33554432,86038,86038,86458,0,0.37,0.02,85391.6,33665220,455.1,597.51,1.33,9482240,0,15,1,1,0,0,0,0,0
"large","candidate","v3.7.0 (1d80caa)","baseline",13.11,0.38,2,1,16,16,2,2,33554432,86744,86744,87412,0,0.37,0.02,85884.68,33665220,509.36,626.25,1.32,9482240,0,15,1,1,0,0,0,0,0
"large","candidate","v3.7.0 (1d80caa)","baseline",13.11,0.38,2,1,64,64,2,2,33554432,85262,85262,88536,0,0.38,0.02,84608.24,33665220,513.81,643.84,1.33,9482240,0,15,1,1,0,0,0,0,0
"large","candidate","v3.7.0 (1d80caa)","baseline",13.11,0.38,2,2,1,1,2,2,33554432,48367,48367,50871,0,0.66,0.04,47720.36,33666880,385.41,511.47,1.87,9482240,0,25,2,2,0,0,0,0,0
"large","candidate","v3.7.0 (1d80caa)","baseline",13.11,0.38,2,2,16,16,2,2,33554432,51013,51013,51457,0,0.63,0.04,50432.72,33666880,430.55,537.24,1.89,9482240,0,25,2,2,0,0,0,0,0
"large","candidate","v3.7.0 (1d80caa)","baseline",13.11,0.38,2,2,64,64,2,2,33554432,51339,51339,53758,0,0.62,0.04,50779.63,33666880,377.31,525.58,1.75,9482240,0,25,2,2,0,0,0,0,0
"mixed","candidate","v3.7.0 (1d80caa)","baseline",13.11,0.38,1,1,1,1,2,56,12189696,36234,36234,38298,0,0.32,1.55,35050.45,12269984,253.51,330.11,1.61,9482240,1,15,1,1,0,0,0,0,0
"mixed","candidate","v3.7.0 (1d80caa)","baseline",13.11,0.38,1,1,16,16,2,56,12189696,36110,36110,36583,0,0.32,1.55,34911.05,12269984,242.39,346.48,1.63,9482240,1,15,1,1,0,0,0,0,0
"mixed","candidate","v3.7.0 (1d80caa)","baseline",13.11,0.38,1,1,64,64,2,56,12189696,31488,31488,36665,0,0.37,1.78,30297.37,12269984,269.92,297.08,1.64,9482240,1,15,1,1,0,0,0,0,0
"mixed","candidate","v3.7.0 (1d80caa)","baseline",13.11,0.38,1,2,1,1,2,56,12189696,31870,31870,33583,0,0.36,1.76,30977.03,12269984,217.2,233.74,1.46,9482240,1,16,1,1,0,0,0,0,0
"mixed","candidate","v3.7.0 (1d80caa)","baseline",13.11,0.38,1,2,16,16,2,56,12189696,31618,31618,32114,0,0.37,1.77,30773.47,12269984,209.71,274.18,1.53,9482240,1,16,1,1,0,0,0,0,0
"mixed","candidate","v3.7.0 (1d80caa)","baseline",13.11,0.38,1,2,64,64,2,56,12189696,32134,32134,35783,0,0.36,1.74,31236.16,12269984,225.95,250.43,1.34,9519104,1,16,1,1,0,0,0,0,0
"mixed","candidate","v3.7.0 (1d80caa)","baseline",13.11,0.38,1,4,1,1,2,56,12189696,27357,27357,29954,0,0.42,2.05,26694.88,12269932,202.61,224.07,1.49,9519104,1,18,1,1,0,0,0,0,0
"mixed","candidate","v3.7.0 (1d80caa)","baseline",13.11,0.38,1,4,16,16,2,56,12189696,28061,28061,30771,0,0.41,2,27428.07,12269932,218.64,211.63,1.48,9482240,1,18,1,1,0,0,0,0,0
"mixed","candidate","v3.7.0 (1d80caa)","baseline",13.11,0.38,1,4,64,64,2,56,12189696,28158,28158,29774,0,0.41,1.99,27578.43,12269932,215.66,218.61,1.53,9482240,1,18,1,1,0,0,0,0,0
"mixed","candidate","v3.7.0 (1d80caa)","baseline",13.11,0.38,1,8,1,1,2,56,12189696,27445,27445,29945,0,0.42,2.04,26854.56,12269932,216.09,233.87,1.5,9519104,1,22,1,1,0,0,0,0,0
"mixed","candidate","v3.7.0 (1d80caa)","baseline",13.11,0.38,1,8,16,16,2,56,12189696,29201,29201,31953,0,0.4,1.92,28339.14,12269932,210.93,232.45,1.39,9482240,1,22,1,1,0,0,0,0,0
"mixed","candidate","v3.7.0 (1d80caa)","baseline",13.11,0.38,1,8,64,64,2,56,12189696,27924,27924,29845,0,0.42,2.01,27358.44,12269932,206.32,214.36,1.45,9482240,1,22,1,1,0,0,0,0,0
"mixed","candidate","v3.7.0 (1d80caa)","baseline",13.11,0.38,1,16,1,1,2,56,12189696,30361,30361,30597,0,0.38,1.84,29764.86,12269932,203.05,230.48,1.43,9650176,1,30,1,1,0,0,0,0,0
"mixed","candidate","v3.7.0 (1d80caa)","baseline",13.11,0.38,1,16,16,16,2,56,12189696,27075,27075,28484,0,0.43,2.07,26536.75,12269932,214.69,218.85,1.52,9650176,1,30,1,1,0,0,0,0,0
"mixed","candidate","v3.7.0 (1d80caa)","baseline",13.11,0.38,1,16,64,64,2,56,12189696,29100,29100,29163,0,0.4,1.92,28547.2,12269932,200.87,229.89,1.49,9519104,1,30,1,1,0,0,0,0,0
"mixed","candidate","v3.7.0 (1d80caa)","baseline",13.11,0.38,1,32,1,1,2,56,12189696,25515,25515,30328,0,0.46,2.19,24983.01,12269932,201.31,182.68,1.42,9781248,1,46,1,1,0,0,0,0,0
"mixed","candidate","v3.7.0 (1d80caa)","baseline",13.11,0.38,1,32,16,16,2,56,12189696,27406,27406,29995,0,0.42,2.04,26848.73,12269932,224.68,187.44,1.4,9650176,1,46,1,1,0,0,0,0,0
"mixed","candidate","v3.7.0 (1d80caa)","baseline",13.11,0.38,1,32,64,64,2,56,12189696,28184,28184,30833,0,0.41,1.99,27673.96,12269932,204.22,195.66,1.42,9711616,1,46,1,1,0,0,0,0,0
"mixed","candidate","v3.7.0 (1d80caa)","baseline",13.11,0.38,1,56,1,1,2,56,12189696,27327,27327,27549,0,0.43,2.05,26812.2,12269932,200.79,211.59,1.55,10174464,1,70,1,1,0,0,0,0,0
"mixed","candidate","v3.7.0 (1d80caa)","baseline",13.11,0.38,1,56,16,16,2,56,12189696,30433,30433,33198,0,0.38,1.84,29952.97,12269984,201.46,233.57,1.37,10498048,1,70,1,1,0,0,0,0,0
"mixed","candidate","v3.7.0 (1d80caa)","baseline",13.11,0.38,1,56,64,64,2,56,12189696,26694,26694,30989,0,0.44,2.1,26185.67,12269932,198.32,243.88,1.49,9973760,1,70,1,1,0,0,0,0,0
"mixed","candidate","v3.7.0 (1d80caa)","baseline",13.11,0.38,2,1,1,1,2,56,12189696,36664,36664,37380,0,0.32,1.53,35388.54,12269984,225.19,349.88,1.61,9482240,0,15,1,1,0,0,0,0,0
"mixed","candidate","v3.7.0 (1d80caa)","baseline",13.11,0.38,2,1,16,16,2,56,12189696,35313,35313,37049,0,0.33,1.59,34081.56,12269984,250.18,301.4,1.54,9482240,1,15,1,1,0,0,0,0,0
"mixed","candidate","v3.7.0 (1d80caa)","baseline",13.11,0.38,2,1,64,64,2,56,12189696,36389,36389,40082,0,0.32,1.54,35201.4,12269984,241.62,335.34,1.49,9482240,1,15,1,1,0,0,0,0,0
"mixed","candidate","v3.7.0 (1d80caa)","baseline",13.11,0.38,2,2,1,1,2,56,12189696,24117,24117,24560,0,0.48,2.32,23280.12,12271592,218.33,276.42,2.06,9482240,1,25,2,2,0,0,0,0,0
"mixed","candidate","v3.7.0 (1d80caa)","baseline",13.11,0.38,2,2,16,16,2,56,12189696,22847,22847,24474,0,0.51,2.45,21966.02,12271592,193.26,284.27,1.98,9482240,1,25,2,2,0,0,0,0,0
"mixed","candidate","v3.7.0 (1d80caa)","baseline",13.11,0.38,2,2,64,64,2,56,12189696,23472,23472,26073,0,0.5,2.39,22599.12,12271592,219.53,261.29,1.92,9482240,1,25,2,2,0,0,0,0,0
"mixed","candidate","v3.7.0 (1d80caa)","baseline",13.11,0.38,2,4,1,1,2,56,12189696,19180,19180,19562,0,0.61,2.92,18526.96,12271592,187.06,233.83,2.19,9580544,1,27,2,2,0,0,0,0,0
"mixed","candidate","v3.7.0 (1d80caa)","baseline",13.11,0.38,2,4,16,16,2,56,12189696,19667,19667,20564,0,0.59,2.85,18927.85,12271592,177.31,208.35,2.1,9519104,1,27,2,2,0,0,0,0,0
"mixed","candidate","v3.7.0 (1d80caa)","baseline",13.11,0.38,2,4,64,64,2,56,12189696,19062,19062,19196,0,0.61,2.94,18418.04,12271592,213.07,213.92,2.25,9650176,1,27,2,2,0,0,0,0,0
"mixed","candidate","v3.7.0 (1d80caa)","baseline",13.11,0.38,2,8,1,1,2,56,12189696,17972,17972,19419,0,0.65,3.12,17178.3,12271592,160.6,208.63,2.09,9781248,1,31,2,2,0,0,0,0,0
"mixed","candidate","v3.7.0 (1d80caa)","baseline",13.11,0.38,2,8,16,16,2,56,12189696,17489,17489,19948,0,0.66,3.2,16905.4,12271592,186.02,187.34,2.09,9973760,1,31,2,2,0,0,0,0,0
"mixed","candidate","v3.7.0 (1d80caa)","baseline",13.11,0.38,2,8,64,64,2,56,12189696,17909,17909,18647,0,0.65,3.13,17336.54,12271592,188.75,176.23,1.99,9781248,1,31,2,2,0,0,0,0,0
"mixed","candidate","v3.7.0 (1d80caa)","baseline",13.11,0.38,2,16,1,1,2,56,12189696,19307,19307,19547,0,0.6,2.9,18813.36,12271592,175.38,197.31,1.91,10043392,1,39,2,2,0,0,0,0,0
"mixed","candidate","v3.7.0 (1d80caa)","baseline",13.11,0.38,2,16,16,16,2,56,12189696,16945,16945,18298,0,0.69,3.3,16354.09,12271592,175.91,176.45,1.93,9650176,1,39,2,2,0,0,0,0,0
"mixed","candidate","v3.7.0 (1d80caa)","baseline",13.11,0.38,2,16,64,64,2,56,12189696,19008,19008,19691,0,0.61,2.95,18522.03,12271592,179.57,198.4,1.92,9650176,1,39,2,2,0,0,0,0,0
"mixed","candidate","v3.7.0 (1d80caa)","baseline",13.11,0.38,2,32,1,1,2,56,12189696,16383,16383,18939,0,0.71,3.42,15838.18,12271592,177.47,194.74,2.02,10039296,1,55,2,2,0,0,0,0,0
"mixed","candidate","v3.7.0 (1d80caa)","baseline",13.11,0.38,2,32,16,16,2,56,12189696,18192,18192,19707,0,0.64,3.08,17662.88,12271592,180.02,196.98,2.05,10043392,1,55,2,2,0,0,0,0,0
"mixed","candidate","v3.7.0 (1d80caa)","baseline",13.11,0.38,2,32,64,64,2,56,12189696,19263,19263,19571,0,0.6,2.91,18747.37,12271592,180.99,187.43,1.92,9912320,1,55,2,2,0,0,0,0,0
"mixed","candidate","v3.7.0 (1d80caa)","baseline",13.11,0.38,2,56,1,1,2,56,12189696,16971,16971,18727,0,0.68,3.3,16418.98,12271592,189.39,188.03,2.19,10366976,1,79,2,2,0,0,0,0,0
"mixed","candidate","v3.7.0 (1d80caa)","baseline",13.11,0.38,2,56,16,16,2,56,12189696,17556,17556,19618,0,0.66,3.19,16952.08,12271592,184.22,183.25,1.92,10436608,1,79,2,2,0,0,0,0,0
"mixed","candidate","v3.7.0 (1d80caa)","baseline",13.11,0.38,2,56,64,64,2,56,12189696,18122,18122,20471,0,0.64,3.09,17559.3,12271592,186.93,182.56,1.85,10366976,1,79,2,2,0,0,0,0,0
"mixed","candidate","v3.7.0 (1d80caa)","baseline",13.11,0.38,4,1,1,1,2,56,12189696,35957,35957,38029,0,0.32,1.56,34770.44,12269984,245.05,312.21,1.51,9482240,1,15,1,1,0,0,0,0,0
"mixed","candidate","v3.7.0 (1d80caa)","baseline",13.11,0.38,4,1,16,16,2,56,12189696,36350,36350,37581,0,0.32,1.54,35147.03,12269984,251.38,340.13,1.57,9482240,1,15,1,1,0,0,0,0,0
"mixed","candidate","v3.7.0 (1d80caa)","baseline",13.11,0.38,4,1,64,64,2,56,12189696,36549,36549,37286,0,0.32,1.53,35233.45,12269984,224.09,335.38,1.52,9482240,1,15,1,1,0,0,0,0,0
"mixed","candidate","v3.7.0 (1d80caa)","baseline",13.11,0.38,4,2,1,1,2,56,12189696,24093,24093,26624,0,0.48,2.32,23259.38,12271592,183.47,259.95,1.79,9711616,1,25,2,2,0,0,0,0,0
"mixed","candidate","v3.7.0 (1d80caa)","baseline",13.11,0.38,4,2,16,16,2,56,12189696,23866,23866,25500,0,0.49,2.35,22882.53,12271592,197.55,274.71,1.9,9650176,1,25,2,2,0,0,0,0,0
"mixed","candidate","v3.7.0 (1d80caa)","baseline",13.11,0.38,4,2,64,64,2,56,12189696,24627,24627,25346,0,0.47,2.27,23814.05,12271592,209.86,275.94,1.99,9482240,1,25,2,2,0,0,0,0,0
"mixed","candidate","v3.7.0 (1d80caa)","baseline",13.11,0.38,4,4,1,1,2,56,12189696,18878,18878,19524,0,0.62,2.97,17944.1,12274912,184.48,265.3,2.48,10305536,1,45,4,4,0,0,0,0,0
"mixed","candidate","v3.7.0 (1d80caa)","baseline",13.11,0.38,4,4,16,16,2,56,12189696,18153,18153,19008,0,0.64,3.08,17432.63,12274912,187.73,256.93,2.43,9973760,1,45,4,4,0,0,0,0,0
"mixed","candidate","v3.7.0 (1d80caa)","baseline",13.11,0.38,4,4,64,64,2,56,12189696,18169,18169,19706,0,0.64,3.08,17477.57,12274912,206.15,241.51,2.3,9842688,1,45,4,4,0,0,0,0,0
"mixed","candidate","v3.7.0 (1d80caa)","baseline",13.11,0.38,4,8,1,1,2,56,12189696,16176,16176,18412,0,0.72,3.46,15580.13,12274912,186.38,200.23,2.3,10305536,1,49,4,4,0,0,0,0,0
"mixed","candidate","v3.7.0 (1d80caa)","baseline",13.11,0.38,4,8,16,16,2,56,12189696,17027,17027,17598,0,0.68,3.29,16407.76,12274912,169.2,222.18,2.37,10104832,1,49,4,4,0,0,0,0,0
"mixed","candidate","v3.7.0 (1d80caa)","baseline",13.11,0.38,4,8,64,64,2,56,12189696,15945,15945,18097,0,0.73,3.51,15346.06,12274912,186.17,212.39,2.2,10104832,1,49,4,4,0,0,0,0,0
"mixed","candidate","v3.7.0 (1d80caa)","baseline",13.11,0.38,4,16,1,1,2,56,12189696,17031,17031,17058,0,0.68,3.29,16428.34,12274912,211.81,204.11,2.44,10330112,1,57,4,4,0,0,0,0,0
"mixed","candidate","v3.7.0 (1d80caa)","baseline",13.11,0.38,4,16,16,16,2,56,12189696,14515,14515,15691,0,0.8,3.86,13969.88,12274912,187.39,206.12,2.51,10436608,1,57,4,4,0,0,0,0,0
"mixed","candidate","v3.7.0 (1d80caa)","baseline",13.11,0.38,4,16,64,64,2,56,12189696,16592,16592,17143,0,0.7,3.38,16057.45,12274912,166.17,219.45,2.25,10174464,1,57,4,4,0,0,0,0,0
"mixed","candidate","v3.7.0 (1d80caa)","baseline",13.11,0.38,4,32,1,1,2,56,12189696,15737,15737,15854,0,0.74,3.56,15182.99,12274912,177.07,192.08,2.41,10567680,1,73,4,4,0,0,0,0,0
"mixed","candidate","v3.7.0 (1d80caa)","baseline",13.11,0.38,4,32,16,16,2,56,12189696,15344,15344,16592,0,0.76,3.65,14724.32,12274912,162.6,213.31,2.48,10698752,1,73,4,4,0,0,0,0,0
"mixed","candidate","v3.7.0 (1d80caa)","baseline",13.11,0.38,4,32,64,64,2,56,12189696,15489,15489,15539,0,0.75,3.62,14943.25,12274912,175.26,201.76,2.43,10305536,1,73,4,4,0,0,0,0,0
"mixed","candidate","v3.7.0 (1d80caa)","baseline",13.11,0.38,4,56,1,1,2,56,12189696,14564,14564,16795,0,0.8,3.85,13960.65,12274912,184.58,204.5,2.49,11022336,1,94,4,4,0,0,0,0,0
"mixed","candidate","v3.7.0 (1d80caa)","baseline",13.11,0.38,4,56,16,16,2,56,12189696,14965,14965,15409,0,0.78,3.74,14410.05,12274912,177.12,206.34,2.71,11091968,1,94,4,4,0,0,0,0,0
"mixed","candidate","v3.7.0 (1d80caa)","baseline",13.11,0.38,4,56,64,64,2,56,12189696,15729,15729,15940,0,0.74,3.56,15161.65,12274912,181.69,191.42,2.48,10825728,1,96,4,4,0,0,0,0,0
"mixed","candidate","v3.7.0 (1d80caa)","baseline",13.11,0.38,8,1,1,1,2,56,12189696,37202,37202,37311,0,0.31,1.51,36001.99,12269984,251.71,304.54,1.5,9482240,1,15,1,1,0,0,0,0,0
"mixed","candidate","v3.7.0 (1d80caa)","baseline",13.11,0.38,8,1,16,16,2,56,12189696,36396,36396,37778,0,0.32,1.54,35178.73,12269984,223.83,287.54,1.49,9482240,1,15,1,1,0,0,0,0,0
"mixed","candidate","v3.7.0 (1d80caa)","baseline",13.11,0.38,8,1,64,64,2,56,12189696,35922,35922,37278,0,0.32,1.56,34727.13,12269984,223.65,320.17,1.55,9482240,1,15,1,1,0,0,0,0,0
"mixed","candidate","v3.7.0 (1d80caa)","baseline",13.11,0.38,8,2,1,1,2,56,12189696,24094,24094,24290,0,0.48,2.32,23230.05,12271592,185.47,281.46,1.95,9482240,1,25,2,2,0,0,0,0,0
"mixed","candidate","v3.7.0 (1d80caa)","baseline",13.11,0.38,8,2,16,16,2,56,12189696,24675,24675,26274,0,0.47,2.27,23758.24,12271592,212.28,258.11,1.88,9650176,1,25,2,2,0,0,0,0,0
"mixed","candidate","v3.7.0 (1d80caa)","baseline",13.11,0.38,8,2,64,64,2,56,12189696,24356,24356,26501,0,0.48,2.3,23509.09,12271592,195.98,283.68,1.9,9482240,1,25,2,2,0,0,0,0,0
"mixed","candidate","v3.7.0 (1d80caa)","baseline",13.11,0.38,8,4,1,1,2,56,12189696,18552,18552,18821,0,0.63,3.02,17793.77,12274912,196.42,237.35,2.34,9912320,1,45,4,4,0,0,0,0,0
"mixed","candidate","v3.7.0 (1d80caa)","baseline",13.11,0.38,8,4,16,16,2,56,12189696,18487,18487,18524,0,0.63,3.03,17739.92,12274912,202.08,230.88,2.49,9973760,1,45,4,4,0,0,0,0,0
"mixed","candidate","v3.7.0 (1d80caa)","baseline",13.11,0.38,8,4,64,64,2,56,12189696,18106,18106,19128,0,0.64,3.09,17450.87,12274912,194.87,255.25,2.35,9781248,1,45,4,4,0,0,0,0,0
"mixed","candidate","v3.7.0 (1d80caa)","baseline",13.11,0.38,8,8,1,1,2,56,12189696,14321,14321,15500,0,0.81,3.91,13676.67,12281552,180.38,255.23,2.81,10698752,1,85,8,8,0,0,0,0,0
"mixed","candidate","v3.7.0 (1d80caa)","baseline",13.11,0.38,8,8,16,16,2,56,12189696,15808,15808,15958,0,0.74,3.54,15103.82,12281552,199.59,215.67,2.83,10960896,1,85,8,8,0,0,0,0,0
"mixed","candidate","v3.7.0 (1d80caa)","baseline",13.11,0.38,8,8,64,64,2,56,12189696,14668,14668,16039,0,0.79,3.82,13952.19,12281552,216.66,271.46,3.16,11415552,2,85,8,8,0,0,0,0,0
"mixed","candidate","v3.7.0 (1d80caa)","baseline",13.11,0.38,8,16,1,1,2,56,12189696,13880,13880,13921,0,0.84,4.03,13282.43,12281552,193.1,249.89,3.19,11354112,1,93,8,8,0,0,0,0,0
"mixed","candidate","v3.7.0 (1d80caa)","baseline",13.11,0.38,8,16,16,16,2,56,12189696,14596,14596,15627,0,0.8,3.84,13929.87,12281552,176.4,235.72,2.8,11091968,1,93,8,8,0,0,0,0,0
"mixed","candidate","v3.7.0 (1d80caa)","baseline",13.11,0.38,8,16,64,64,2,56,12189696,13803,13803,13912,0,0.84,4.06,13183.4,12281552,195.51,274.64,3.41,11223040,1,93,8,8,0,0,0,0,0
"mixed","candidate","v3.7.0 (1d80caa)","baseline",13.11,0.38,8,32,1,1,2,56,12189696,12644,12644,13307,0,0.92,4.43,11955.64,12281552,188.47,227.83,3.29,11677696,2,109,8,8,0,0,0,0,0
"mixed","candidate","v3.7.0 (1d80caa)","baseline",13.11,0.38,8,32,16,16,2,56,12189696,13603,13603,14309,0,0.85,4.12,12921.92,12281552,199.98,221.62,3.13,11616256,2,109,8,8,0,0,0,0,0
"mixed","candidate","v3.7.0 (1d80caa)","baseline",13.11,0.38,8,32,64,64,2,56,12189696,12876,12876,13517,0,0.9,4.35,12307.37,12281552,183.25,254.48,3.3,11612160,2,109,8,8,0,0,0,0,0
"mixed","candidate","v3.7.0 (1d80caa)","baseline",13.11,0.38,8,56,1,1,2,56,12189696,13286,13286,13414,0,0.87,4.21,12676.02,12281552,217.76,247.75,3.47,11878400,2,123,8,8,0,0,0,0,0
"mixed","candidate","v3.7.0 (1d80caa)","baseline",13.11,0.38,8,56,16,16,2,56,12189696,13683,13683,13911,0,0.85,4.09,13101.2,12281552,203.22,214.12,3.08,12009472,2,126,8,8,0,0,0,0,0
"mixed","candidate","v3.7.0 (1d80caa)","baseline",13.11,0.38,8,56,64,64,2,56,12189696,13485,13485,13643,0,0.86,4.15,12856.45,12281552,189.86,204.44,2.98,11743232,2,126,8,8,0,0,0,0,0
"redeploy","candidate","v3.7.0 (1d80caa)","baseline",13.11,0.38,1,1,,16,2,3,59904,8044,8044,8108,0,0.01,0.37,7017.13,80256,119.06,123.12,3.01,9482240,0,15,1,1,0,0,0,0,0
"redeploy","candidate","v3.7.0 (1d80caa)","baseline",13.11,0.38,1,2,,16,2,3,61440,4180,4180,4229,0,0.01,0.72,3428.04,81792,73.46,111.07,4.59,9482240,0,16,1,1,0,0,0,0,0
"redeploy","candidate","v3.7.0 (1d80caa)","baseline",13.11,0.38,1,4,,16,2,3,62976,2398,2398,2403,0,0.03,1.25,1799.45,83328,61.07,115.21,7.33,9482240,0,18,1,1,0,0,0,0,0
"redeploy","candidate","v3.7.0 (1d80caa)","baseline",13.11,0.38,1,8,,16,2,3,64512,1548,1548,1694,0,0.04,1.94,953.89,84864,57.28,84.52,8.41,9482240,0,22,1,1,0,0,0,0,0
"redeploy","candidate","v3.7.0 (1d80caa)","baseline",13.11,0.38,1,16,,16,2,3,66048,1236,1236,1271,0,0.05,2.43,675.72,86400,50.34,67.9,10.76,9519104,0,30,1,1,0,0,0,0,0
"redeploy","candidate","v3.7.0 (1d80caa)","baseline",13.11,0.38,1,32,,16,2,3,67584,1040,1040,1059,0,0.06,2.88,505.57,87936,33.84,58.44,8.85,9650176,0,46,1,1,0,0,0,0,0
"redeploy","candidate","v3.7.0 (1d80caa)","baseline",13.11,0.38,1,64,,16,2,3,69120,835,835,1014,0,0.08,3.59,290.23,89472,32.18,41.07,9.19,9781248,0,78,1,1,0,0,0,0,0
"redeploy","candidate","v3.7.0 (1d80caa)","baseline",13.11,0.38,2,1,,16,2,3,70656,8042,8042,8143,0,0.01,0.37,7015.6,91008,94.41,145.97,3.04,9482240,0,15,1,1,0,0,0,0,0
"redeploy","candidate","v3.7.0 (1d80caa)","baseline",13.11,0.38,2,2,,16,2,3,72192,4713,4713,4829,0,0.01,0.64,3898.84,94204,81.15,122.12,4.55,9482240,0,25,2,2,0,0,0,0,0
"redeploy","candidate","v3.7.0 (1d80caa)","baseline",13.11,0.38,2,4,,16,2,3,73728,2688,2688,2864,0,0.03,1.12,2108.59,95740,73.84,99.91,6.49,9519104,0,27,2,2,0,0,0,0,0
"redeploy","candidate","v3.7.0 (1d80caa)","baseline",13.11,0.38,2,8,,16,2,3,75264,1923,1923,2208,0,0.04,1.56,1375.15,97276,58.14,107.16,8.58,9482240,0,31,2,2,0,0,0,0,0
"redeploy","candidate","v3.7.0 (1d80caa)","baseline",13.11,0.38,2,16,,16,2,3,76800,1595,1595,1649,0,0.05,1.88,892.8,98812,59.67,91.26,9.45,9842688,1,39,2,2,0,0,0,0,0
"redeploy","candidate","v3.7.0 (1d80caa)","baseline",13.11,0.38,2,32,,16,2,3,78336,1265,1265,1560,0,0.06,2.37,717.49,100348,45.54,75.72,8.5,9650176,1,55,2,2,0,0,0,0,0
"redeploy","candidate","v3.7.0 (1d80caa)","baseline",13.11,0.38,2,64,,16,2,3,79872,1156,1156,1391,0,0.07,2.6,711.6,101884,36.46,49.74,7.12,9973760,0,87,2,2,0,0,0,0,0
"redeploy","candidate","v3.7.0 (1d80caa)","baseline",13.11,0.38,4,1,,16,2,3,81408,7959,7959,7991,0,0.01,0.38,6916.66,101760,102.13,138.82,3.16,9482240,0,15,1,1,0,0,0,0,0
"redeploy","candidate","v3.7.0 (1d80caa)","baseline",13.11,0.38,4,2,,16,2,3,82944,4671,4671,4881,0,0.02,0.64,3932.28,104956,83.86,117.78,4.62,9482240,0,25,2,2,0,0,0,0,0
"redeploy","candidate","v3.7.0 (1d80caa)","baseline",13.11,0.38,4,4,,16,2,3,84480,3504,3504,3680,0,0.02,0.86,2878.05,109812,86.73,144.55,6.6,9580544,0,45,4,4,0,0,0,0,0
"redeploy","candidate","v3.7.0 (1d80caa)","baseline",13.11,0.38,4,8,,16,2,3,86016,2654,2654,2708,0,0.03,1.13,2086.64,111348,93.76,128.7,8.3,9781248,1,49,4,4,0,0,0,0,0
"redeploy","candidate","v3.7.0 (1d80caa)","baseline",13.11,0.38,4,16,,16,2,3,87552,2284,2284,2299,0,0.04,1.31,1749.04,112884,74.51,114.68,8.41,9650176,1,57,4,4,0,0,0,0,0
"redeploy","candidate","v3.7.0 (1d80caa)","baseline",13.11,0.38,4,32,,16,2,3,89088,2015,2015,2113,0,0.04,1.49,1467.51,114420,59.47,97.22,7.41,10235904,1,73,4,4,0,0,0,0,0
"redeploy","candidate","v3.7.0 (1d80caa)","baseline",13.11,0.38,4,64,,16,2,3,90624,1920,1920,1929,0,0.05,1.56,1345.21,115956,68.91,106.38,9.12,10043392,1,105,4,4,0,0,0,0,0
"redeploy","candidate","v3.7.0 (1d80caa)","baseline",13.11,0.38,8,1,,16,2,3,92160,7954,7954,8154,0,0.01,0.38,6933.98,112512,97.38,148.8,3.18,9482240,0,15,1,1,0,0,0,0,0
"redeploy","candidate","v3.7.0 (1d80caa)","baseline",13.11,0.38,8,2,,16,2,3,93696,4645,4645,4716,0,0.02,0.65,3911.51,115708,97.08,110.57,4.4,9482240,0,25,2,2,0,0,0,0,0
"redeploy","candidate","v3.7.0 (1d80caa)","baseline",13.11,0.38,8,4,,16,2,3,95232,3506,3506,3777,0,0.03,0.86,2853.57,120564,92.81,117.05,5.66,9777152,1,45,4,4,0,0,0,0,0
"redeploy","candidate","v3.7.0 (1d80caa)","baseline",13.11,0.38,8,8,,16,2,3,96768,4255,4255,4258,0,0.02,0.71,3595.4,128740,93.36,141.03,5.75,10235904,1,85,8,8,0,0,0,0,0
"redeploy","candidate","v3.7.0 (1d80caa)","baseline",13.11,0.38,8,16,,16,2,3,98304,3865,3865,3902,0,0.02,0.78,3256.07,130276,90.14,131.76,5.87,10305536,1,93,8,8,0,0,0,0,0
"redeploy","candidate","v3.7.0 (1d80caa)","baseline",13.11,0.38,8,32,,16,2,3,99840,3579,3579,4334,0,0.03,0.84,2971.72,131812,98.14,116.39,5.09,10436608,1,109,8,8,0,0,0,0,0
"redeploy","candidate","v3.7.0 (1d80caa)","baseline",13.11,0.38,8,64,,16,2,3,101376,3526,3526,3690,0,0.03,0.85,2912.2,133348,82.18,119.85,5.73,10498048,1,141,8,8,0,0,0,0,0
"single","candidate","v3.7.0 (1d80caa)","baseline",13.11,0.38,1,1,1,1,2,1,33554432,85470,85470,98404,0,0.37,0.01,84887.6,33664084,464.78,666.53,1.24,9482240,0,15,1,1,0,0,0,0,0
"single","candidate","v3.7.0 (1d80caa)","baseline",13.11,0.38,1,1,16,16,2,1,33554432,90509,90509,94140,0,0.35,0.01,89876.32,33664136,499.79,684.26,1.31,9482240,0,15,1,1,0,0,0,0,0
"single","candidate","v3.7.0 (1d80caa)","baseline",13.11,0.38,1,1,64,64,2,1,33554432,87614,87614,89684,0,0.37,0.01,87082.23,33664084,471.8,648.72,1.28,9482240,0,15,1,1,0,0,0,0,0
"small","candidate","v3.7.0 (1d80caa)","baseline",13.11,0.38,1,1,,16,2,300,1228800,38851,38851,39790,0,0.03,7.72,37635.07,1445040,336.76,490.07,2.11,11153408,3,15,1,1,0,0,0,0,0
"small","candidate","v3.7.0 (1d80caa)","baseline",13.11,0.38,1,2,,16,2,300,1228800,19416,19416,21853,0,0.06,15.45,18575.79,1444988,218.45,366.69,3.01,11284480,3,16,1,1,0,0,0,0,0
"small","candidate","v3.7.0 (1d80caa)","baseline",13.11,0.38,1,4,,16,2,300,1228800,11721,11721,12494,0,0.1,25.6,11021.29,1444988,161.94,332.57,4.22,11415552,3,18,1,1,0,0,0,0,0
"small","candidate","v3.7.0 (1d80caa)","baseline",13.11,0.38,1,8,,16,2,300,1228800,6303,6303,7565,0,0.19,47.6,5714.39,1444988,174.35,226.29,5.29,11546624,4,22,1,1,0,0,0,0,0
"small","candidate","v3.7.0 (1d80caa)","baseline",13.11,0.38,1,16,,16,2,300,1228800,5884,5884,5974,0,0.2,50.99,5356.37,1444988,153.74,201.63,5.95,11616256,4,30,1,1,0,0,0,0,0
"small","candidate","v3.7.0 (1d80caa)","baseline",13.11,0.38,1,32,,16,2,300,1228800,5873,5873,6001,0,0.2,51.08,5382.59,1444988,148.55,183.2,5.7,11747328,4,46,1,1,0,0,0,0,0
"small","candidate","v3.7.0 (1d80caa)","baseline",13.11,0.38,1,64,,16,2,300,1228800,5230,5230,6666,0,0.22,57.36,4735.37,1444988,148.84,192.56,5.33,12271616,5,78,1,1,0,0,0,0,0
"small","candidate","v3.7.0 (1d80caa)","baseline",13.11,0.38,2,1,,16,2,300,1228800,39204,39204,40657,0,0.03,7.65,38032.82,1445040,334.69,477.92,2.04,11354112,3,15,1,1,0,0,0,0,0
"small","candidate","v3.7.0 (1d80caa)","baseline",13.11,0.38,2,2,,16,2,300,1228800,19644,19644,21737,0,0.06,15.27,18819.35,1446648,266.1,403.85,3.3,11677696,4,25,2,2,0,0,0,0,0
"small","candidate","v3.7.0 (1d80caa)","baseline",13.11,0.38,2,4,,16,2,300,1228800,12723,12723,12806,0,0.09,23.58,12072.02,1446648,219.57,391.16,4.81,11616256,4,27,2,2,0,0,0,0,0
"small","candidate","v3.7.0 (1d80caa)","baseline",13.11,0.38,2,8,,16,2,300,1228800,7438,7438,7825,0,0.16,40.33,6893.03,1446648,182.96,273.57,5.98,11616256,4,31,2,2,0,0,0,0,0
"small","candidate","v3.7.0 (1d80caa)","baseline",13.11,0.38,2,16,,16,2,300,1228800,4974,4974,5342,0,0.24,60.31,4375.38,1446648,185.57,215.37,8.19,11747328,4,39,2,2,0,0,0,0,0
"small","candidate","v3.7.0 (1d80caa)","baseline",13.11,0.38,2,32,,16,2,300,1228800,4030,4030,4753,0,0.29,74.44,3501.11,1446648,161.33,209.99,8.08,12140544,4,55,2,2,0,0,0,0,0
"small","candidate","v3.7.0 (1d80caa)","baseline",13.11,0.38,2,64,,16,2,300,1228800,4148,4148,4691,0,0.28,72.32,3624.27,1446648,163.14,195.25,7.64,12271616,4,87,2,2,0,0,0,0,0
"small","candidate","v3.7.0 (1d80caa)","baseline",13.11,0.38,4,1,,16,2,300,1228800,41254,41254,41583,0,0.03,7.27,39952.74,1445040,333.52,485.42,2.04,11153408,3,15,1,1,0,0,0,0,0
"small","candidate","v3.7.0 (1d80caa)","baseline",13.11,0.38,4,2,,16,2,300,1228800,19939,19939,20331,0,0.06,15.05,19094.75,1446648,270.37,420.23,3.41,11284480,3,25,2,2,0,0,0,0,0
"small","candidate","v3.7.0 (1d80caa)","baseline",13.11,0.38,4,4,,16,2,300,1228800,11490,11490,11908,0,0.1,26.11,10770.55,1449968,223.8,374.4,5.38,11616256,4,45,4,4,0,0,0,0,0
"small","candidate","v3.7.0 (1d80caa)","baseline",13.11,0.38,4,8,,16,2,300,1228800,7566,7566,7981,0,0.15,39.65,6993.47,1449968,209.93,341.27,6.99,11747328,4,49,4,4,0,0,0,0,0
"small","candidate","v3.7.0 (1d80caa)","baseline",13.11,0.38,4,16,,16,2,300,1228800,4885,4885,6003,0,0.24,61.41,4331.13,1449968,181.52,268.51,7.84,11878400,4,57,4,4,0,0,0,0,0
"small","candidate","v3.7.0 (1d80caa)","baseline",13.11,0.38,4,32,,16,2,300,1228800,4637,4637,5321,0,0.25,64.7,4072.59,1449968,165.56,250.5,8.31,12140544,4,73,4,4,0,0,0,0,0
"small","candidate","v3.7.0 (1d80caa)","baseline",13.11,0.38,4,64,,16,2,300,1228800,3907,3907,3981,0,0.3,76.79,3340.43,1449968,179.81,213.38,10.06,12271616,5,105,4,4,0,0,0,0,0
"small","candidate","v3.7.0 (1d80caa)","baseline",13.11,0.38,8,1,,16,2,300,1228800,38340,38340,40615,0,0.03,7.82,37132.12,1445040,301.57,521.54,2.1,11055104,3,15,1,1,0,0,0,0,0
"small","candidate","v3.7.0 (1d80caa)","baseline",13.11,0.38,8,2,,16,2,300,1228800,20126,20126,20460,0,0.06,14.91,19214.81,1446648,278.74,428.46,3.46,11485184,4,25,2,2,0,0,0,0,0
"small","candidate","v3.7.0 (1d80caa)","baseline",13.11,0.38,8,4,,16,2,300,1228800,12238,12238,12260,0,0.1,24.51,11533.05,1449968,242.94,337,4.86,11616256,4,45,4,4,0,0,0,0,0
"small","candidate","v3.7.0 (1d80caa)","baseline",13.11,0.38,8,8,,16,2,300,1228800,8452,8452,8695,0,0.14,35.49,7532.51,1456608,246.08,364.18,7.12,12009472,4,85,8,8,0,0,0,0,0
"small","candidate","v3.7.0 (1d80caa)","baseline",13.11,0.38,8,16,,16,2,300,1228800,6860,6860,6879,0,0.17,43.73,6176.45,1456608,231.41,351.59,8.47,12271616,5,93,8,8,0,0,0,0,0
"small","candidate","v3.7.0 (1d80caa)","baseline",13.11,0.38,8,32,,16,2,300,1228800,5611,5611,6023,0,0.21,53.47,5027.27,1456608,205.51,323.15,8.84,12271616,5,109,8,8,0,0,0,0,0
"small","candidate","v3.7.0 (1d80caa)","baseline",13.11,0.38,8,64,,16,2,300,1228800,6246,6246,6473,0,0.19,48.03,5614.51,1456608,221.23,251.16,7.55,12660736,6,141,8,8,0,0,0,0,0
"sync","candidate","v3.7.0 (1d80caa)","baseline",13.11,0.38,1,1,,16,2,3,59904,1309,1309,1326,0,0.04,2.29,282.49,107256,112.66,55.8,12.85,12857344,8,18,1,1,0,0,0,0,0
"sync","candidate","v3.7.0 (1d80caa)","baseline",13.11,0.38,1,2,,16,2,3,61440,1133,1133,1276,0,0.05,2.65,206.14,108792,92.58,59.98,12.99,12685312,8,24,1,1,0,0,0,0,0
"sync","candidate","v3.7.0 (1d80caa)","baseline",13.11,0.38,1,4,,16,2,3,62976,1107,1107,1260,0,0.05,2.71,113.91,110328,107.36,61.85,13.99,13012992,7,24,1,1,0,0,0,0,0
"sync","candidate","v3.7.0 (1d80caa)","baseline",13.11,0.38,1,8,,16,2,3,64512,1029,1029,1209,0,0.06,2.92,107.18,111864,119.4,60.82,14.83,12627968,8,22,1,1,0,0,0,0,0
"sync","candidate","v3.7.0 (1d80caa)","baseline",13.11,0.38,1,16,,16,2,3,66048,1164,1164,1188,0,0.05,2.58,161.37,113400,104.83,60.29,14.46,12333056,7,23,1,1,0,0,0,0,0
"sync","candidate","v3.7.0 (1d80caa)","baseline",13.11,0.38,1,32,,16,2,3,67584,1134,1134,1156,0,0.06,2.65,132.91,114936,100.77,51.12,14.73,12922880,7,24,1,1,0,0,0,0,0
"sync","candidate","v3.7.0 (1d80caa)","baseline",13.11,0.38,1,64,,16,2,3,69120,1108,1108,1239,0,0.06,2.71,152.78,116472,99.51,73.38,15.94,12587008,7,23,1,1,0,0,0,0,0
"sync","candidate","v3.7.0 (1d80caa)","baseline",13.11,0.38,2,1,,16,2,3,70656,1403,1403,1417,0,0.05,2.14,307.85,118008,111.43,53.78,12.42,12828672,7,24,1,1,0,0,0,0,0
"sync","candidate","v3.7.0 (1d80caa)","baseline",13.11,0.38,2,2,,16,2,3,72192,1497,1497,1628,0,0.05,2,593.68,121204,109.79,73.49,12.36,13033472,7,27,2,2,0,0,0,0,0
"sync","candidate","v3.7.0 (1d80caa)","baseline",13.11,0.38,2,4,,16,2,3,73728,1583,1583,1773,0,0.04,1.9,490.24,122740,129.65,67.91,11.13,12910592,8,27,2,2,0,0,0,0,0
"sync","candidate","v3.7.0 (1d80caa)","baseline",13.11,0.38,2,8,,16,2,3,75264,1461,1461,1482,0,0.05,2.05,481.77,124292,115.51,63.4,12.62,12533760,7,28,2,2,0,0,0,0,0
"sync","candidate","v3.7.0 (1d80caa)","baseline",13.11,0.38,2,16,,16,2,3,76800,1477,1477,1643,0,0.05,2.03,462.88,125828,118.32,69.47,12.7,12464128,8,27,2,2,0,0,0,0,0
"sync","candidate","v3.7.0 (1d80caa)","baseline",13.11,0.38,2,32,,16,2,3,78336,1470,1470,1526,0,0.05,2.04,454.47,127364,95.98,52.49,11.83,12435456,7,27,2,2,0,0,0,0,0
"sync","candidate","v3.7.0 (1d80caa)","baseline",13.11,0.38,2,64,,16,2,3,79872,1449,1449,1529,0,0.05,2.07,507.85,128900,127.36,61.77,13.09,13037568,7,28,2,2,0,0,0,0,0
"sync","candidate","v3.7.0 (1d80caa)","baseline",13.11,0.38,4,1,,16,2,3,81408,1233,1233,1503,0,0.06,2.43,261.42,128776,116.79,55.18,12.61,12509184,7,24,1,1,0,0,0,0,0
"sync","candidate","v3.7.0 (1d80caa)","baseline",13.11,0.38,4,2,,16,2,3,82944,1692,1692,1746,0,0.05,1.77,619.78,131972,120.98,75.75,11.26,12877824,7,27,2,2,0,0,0,0,0
"sync","candidate","v3.7.0 (1d80caa)","baseline",13.11,0.38,4,4,,16,2,3,84480,1869,1869,2027,0,0.04,1.61,867.91,135168,155.85,112.03,14.56,12726272,8,36,3,3,0,0,0,0,0
"sync","candidate","v3.7.0 (1d80caa)","baseline",13.11,0.38,4,8,,16,2,3,86016,2087,2087,2087,0,0.04,1.44,1104.31,136704,115.59,82.33,9.53,12828672,8,36,3,3,0,0,0,0,0
"sync","candidate","v3.7.0 (1d80caa)","baseline",13.11,0.38,4,16,,16,2,3,87552,1932,1932,2267,0,0.04,1.55,914.72,138240,117.22,80.88,10.24,12402688,7,36,3,3,0,0,0,0,0
"sync","candidate","v3.7.0 (1d80caa)","baseline",13.11,0.38,4,32,,16,2,3,89088,1855,1855,1999,0,0.05,1.62,861.51,139776,124.56,71.7,10.14,12574720,7,36,3,3,0,0,0,0,0
"sync","candidate","v3.7.0 (1d80caa)","baseline",13.11,0.38,4,64,,16,2,3,90624,1850,1850,2184,0,0.05,1.62,849.13,141312,115.85,72.8,8.72,12939264,8,37,3,3,0,0,0,0,0
"sync","candidate","v3.7.0 (1d80caa)","baseline",13.11,0.38,8,1,,16,2,3,92160,1224,1224,1393,0,0.07,2.45,255.3,139528,108.76,68.66,12.83,12660736,8,24,1,1,0,0,0,0,0
"sync","candidate","v3.7.0 (1d80caa)","baseline",13.11,0.38,8,2,,16,2,3,93696,1468,1468,1561,0,0.06,2.04,532.88,142724,112.89,67.98,11.58,12500992,8,28,2,2,0,0,0,0,0
"sync","candidate","v3.7.0 (1d80caa)","baseline",13.11,0.38,8,4,,16,2,3,95232,1914,1914,1981,0,0.05,1.57,839.62,145920,138.35,85.49,11.68,13172736,8,36,3,3,0,0,0,0,0
"sync","candidate","v3.7.0 (1d80caa)","baseline",13.11,0.38,8,8,,16,2,3,96768,1732,1732,1948,0,0.05,1.73,806.99,147456,111.23,80.4,9.83,12369920,8,36,3,3,0,0,0,0,0
"sync","candidate","v3.7.0 (1d80caa)","baseline",13.11,0.38,8,16,,16,2,3,98304,1987,1987,2169,0,0.05,1.51,953,148992,113.51,79.22,8.88,12201984,7,36,3,3,0,0,0,0,0
"sync","candidate","v3.7.0 (1d80caa)","baseline",13.11,0.38,8,32,,16,2,3,99840,1874,1874,1930,0,0.05,1.6,857.14,150528,124.27,65.03,10.16,13312000,8,36,3,3,0,0,0,0,0
"sync","candidate","v3.7.0 (1d80caa)","baseline",13.11,0.38,8,64,,16,2,3,101376,2113,2113,2120,0,0.05,1.42,928.54,152064,125.11,73.16,9.37,12849152,8,36,3,3,0,0,0,0,0
